predict_mpg,cyl,disp,hp,drat,wt,qsec,vs,am,gear,carb
32.193000000000055,4,79.0,66,4.08,1.935,18.9,1,1,4,1
28.17400000000004,4,120.3,91,4.43,2.14,16.7,0,1,5,2
24.419000000000004,4,95.1,113,3.77,1.5130000000000001,16.9,1,1,5,2
20.995000000000008,8,351.0,264,4.22,3.17,14.5,0,1,5,4
20.72200000000001,6,145.0,175,3.62,2.77,15.5,0,1,5,6
14.28799999999998,8,301.0,335,3.54,3.57,14.6,0,1,5,8
25.484000000000027,4,121.0,109,4.11,2.78,18.6,1,1,4,2
